url,titulo,desconto,precoOriginal,precoAVista,precoAPrazo,descricao,images,atributos
www.netshoes.com.br/tenis-mizuno-wave-titan-2-2FU-6367-006,Tênis Mizuno Wave Titan 2 - Preto,31,349.99,227.99,239.99,"*Possui forma pequena, para um melhor ajuste nos pés, recomendamos a compra de um tamanho maior do que o seu usual.* Aposte no conforto e qualidade do novo Tênis de Corrida Masculino da Mizuno para te acompanhar nos seus treinos diários. Com design moderno, o running indicado para caminhadas e corridas leves possui cabedal fabricado com material macio e respirável que garante mais frescor durante o uso. O calcanhar é acolchoado e oferece suporte aos pés enquanto o cadarço garante ajuste eficaz. A entressola em EVA conta com tecnologia que proporciona alto nível de maciez entre uma passada e outra; e o solado de borracha proporciona aderência e tração por onde você passar. Indicado para corredores de pisada neutra, o Tênis Masculino Mizuno acompanha os corredores mais ambiciosos na busca pelo melhor pace. Aproveite!","[""https://static.netshoes.com.br/produtos/tenis-mizuno-wave-titan-2/06/2FU-6367-006/2FU-6367-006_zoom1.jpg?ts=1657368380&"",""https://static.netshoes.com.br/produtos/tenis-mizuno-wave-titan-2/06/2FU-6367-006/2FU-6367-006_zoom2.jpg?ts=1657368380&"",""https://static.netshoes.com.br/produtos/tenis-mizuno-wave-titan-2/06/2FU-6367-006/2FU-6367-006_zoom3.jpg?ts=1657368380&"",""https://static.netshoes.com.br/produtos/tenis-mizuno-wave-titan-2/06/2FU-6367-006/2FU-6367-006_zoom4.jpg?ts=1657368380&"",""https://static.netshoes.com.br/produtos/tenis-mizuno-wave-titan-2/06/2FU-6367-006/2FU-6367-006_zoom5.jpg?ts=1657368380&""]","{""Nome"":""Tênis Mizuno Wave Titan 2"",""Gênero"":""Unissex"",""Indicado para"":""Dia a Dia"",""Material"":""Têxtil e Sintético"",""Categoria"":""Caminhada"",""Composição"":""Cabedal: Têxtil com tiras sintéticas, calcanhar acolchoado e fecho em cadarço; Entressola: EVA; Solado: Borracha"",""Tecnologia"":""Wave"",""Pisada"":""Neutra"",""Definição da Tecnologia"":""Tecnologia que garante 100% da performance do sistema, proporcionando maior absorção de impacto, máximo amortecimento e estabilidade"",""Importante"":""Possui forma pequena, para um melhor ajuste nos pés, recomendamos a compra de um tamanho maior do que o seu usual."",""Garantia do Fabricante"":""Contra defeito de fabricação"",""Origem"":""Nacional"",""Marca"":""Mizuno""}"
www.netshoes.com.br/tenis-masculino-esporte-cadarco-academia-corrida-dia-a-dia-N0B-0002-006,Tênis Masculino Esporte Cadarço Academia Corrida Dia a Dia - Preto,50,159.9,79.9,79.9,"O Tênis da Sport Titaniium é confeccionado em têxtil macio e com solado micro expandido. É perfeito para quem procura estilo e conforto. Oferecendo leveza e versatilidade para o seu dia a dia. Ideal para quem tem a pisada neutra, o tênis da a segurança que precisa para praticar esportes e também para usar onde quiser. Disponível em várias cores esse modelo combina com muitos looks!. ESPECIFICAÇÕES TÉCNICAS. Material: Têxtil. Solado: Micro expandido. Fechamento: Cadarço. Garantia do Fabricante: Contra defeitos de fabricação.","[""https://static.netshoes.com.br/produtos/tenis-masculino-esporte-cadarco-academia-corrida-dia-a-dia/06/N0B-0002-006/N0B-0002-006_zoom1.jpg?ts=1675325590&"",""https://static.netshoes.com.br/produtos/tenis-masculino-esporte-cadarco-academia-corrida-dia-a-dia/06/N0B-0002-006/N0B-0002-006_zoom2.jpg?ts=1675325590&"",""https://static.netshoes.com.br/produtos/tenis-masculino-esporte-cadarco-academia-corrida-dia-a-dia/06/N0B-0002-006/N0B-0002-006_zoom3.jpg?ts=1675325590&"",""https://static.netshoes.com.br/produtos/tenis-masculino-esporte-cadarco-academia-corrida-dia-a-dia/06/N0B-0002-006/N0B-0002-006_zoom4.jpg?ts=1675325590&""]","{""Nome"":""Tênis Masculino Esporte Cadarço Academia Corrida Dia a Dia"",""Gênero"":""Masculino"",""Indicado para"":""Dia a Dia"",""Material"":""Nylon"",""Benefícios"":""Flexibilidade"",""Categoria"":""Caminhada"",""Pisada"":""Neutra"",""Garantia do Fabricante"":""Contra defeitos de fabricação"",""Marca"":""Sport Titaniium""}"
www.netshoes.com.br/tenis-adidas-breaknet-feminino-NQQ-4379-028,Tênis Adidas Breaknet Feminino - Branco+Preto,23,299.99,218.49,229.99,"*Possui forma pequena, para um melhor ajuste nos pés, recomendamos a compra de um tamanho maior do que o seu usual.* Com modelo clássico, o Tênis Adidas Feminino Breaknet traz as listras icônicas da marca apenas nas laterais, com opções de cores lisas e também animal print. É confeccionado com material resistente e firme, perfuro para respirabilidade, forro acolchoado e solado resistente ao desgaste. Indicado para pessoas com pé fino, por conta da forma pequena. Conte com a Adidas para complementar o seu look urbano em grande estilo!","[""https://static.netshoes.com.br/produtos/tenis-adidas-breaknet-feminino/28/NQQ-4379-028/NQQ-4379-028_zoom1.jpg?ts=1682692270&"",""https://static.netshoes.com.br/produtos/tenis-adidas-breaknet-feminino/28/NQQ-4379-028/NQQ-4379-028_zoom2.jpg?ts=1682692270&"",""https://static.netshoes.com.br/produtos/tenis-adidas-breaknet-feminino/28/NQQ-4379-028/NQQ-4379-028_zoom3.jpg?ts=1682692270&"",""https://static.netshoes.com.br/produtos/tenis-adidas-breaknet-feminino/28/NQQ-4379-028/NQQ-4379-028_zoom4.jpg?ts=1682692270&"",""https://static.netshoes.com.br/produtos/tenis-adidas-breaknet-feminino/28/NQQ-4379-028/NQQ-4379-028_zoom5.jpg?ts=1682692270&"",""https://static.netshoes.com.br/produtos/tenis-adidas-breaknet-feminino/28/NQQ-4379-028/NQQ-4379-028_zoom6.jpg?ts=1682692270&""]","{""Nome"":""Tênis Adidas Breaknet Feminino"",""Gênero"":""Feminino"",""Departamento BS"":""Esporte"",""Indicado para"":""Dia a Dia"",""Estilo da Peça"":""Com logo"",""Material"":""Sintético"",""Material Interno"":""Têxtil"",""Altura do Cano"":""Cano Baixo"",""Fechamento"":""Cadarço"",""Solado"":""Borracha"",""Importante"":""Possui forma pequena, para um melhor ajuste nos pés, recomendamos a compra de um tamanho maior do que o seu usual."",""Composição"":""Cabedal: Couro sintético, forro acolchoado e fechamento em cadarço. Solado: Borracha."",""Peso do Produto"":""310 g (O peso do produto varia de acordo com a númeração)"",""Garantia do Fabricante"":""Contra defeito de fabricação"",""Origem"":""Estrangeira - Adquirida no mercado interno"",""Marca"":""Adidas""}"
www.netshoes.com.br/tenis-mizuno-cometa-2FU-5849-026,Tênis Mizuno Cometa - Preto+Branco,39,329.99,199.99,199.99,"Com design versátil para o treino e dia a dia, o Tênis Mizuno Cometa é a escolha para te acompanhar no sportwear com estilo e conforto. É confeccionado em material macio e respirável com forro colchoado. Traz com entressola macia em espuma para amortecimento suave e solado em borracha para durabilidade e resistência. Peça já seu tênis de corrida Mizuno!  *Esse tênis possui uma forma menor do que o padrão, avalie escolher um tamanho maior do que de costume*","[""https://static.netshoes.com.br/produtos/tenis-mizuno-cometa/26/2FU-5849-026/2FU-5849-026_zoom1.jpg?ts=1643916928&"",""https://static.netshoes.com.br/produtos/tenis-mizuno-cometa/26/2FU-5849-026/2FU-5849-026_zoom2.jpg?ts=1643916928&"",""https://static.netshoes.com.br/produtos/tenis-mizuno-cometa/26/2FU-5849-026/2FU-5849-026_zoom3.jpg?ts=1643916928&"",""https://static.netshoes.com.br/produtos/tenis-mizuno-cometa/26/2FU-5849-026/2FU-5849-026_zoom4.jpg?ts=1643916928&"",""https://static.netshoes.com.br/produtos/tenis-mizuno-cometa/26/2FU-5849-026/2FU-5849-026_zoom5.jpg?ts=1643916928&""]","{""Nome"":""Tênis Mizuno Cometa"",""Gênero"":""Unissex"",""Indicado para"":""Dia a Dia"",""Material"":""Têxtil"",""Pisada"":""Neutra"",""Importante"":""Para um melhor ajuste nos pés, recomendamos a compra de um tamanho maior do que o seu usual. Forma Pequena."",""Garantia do Fabricante"":""Contra Defeito de Fabricação"",""Origem"":""Nacional"",""Marca"":""Mizuno""}"
www.netshoes.com.br/creatine-turbo-300g-black-skull-G54-4177-001,Creatine Turbo 300g Black Skull,33,99.9,66.9,66.9,"A Creatine Turbo® da linha Caveira Preta Series® da Black Skull USA™ é um suplemento a base de Creatina Monohidratada e Maltodextrina. Onde é comprovado que, a utilização de carboidratos em conjunto com a creatina, promove maior eficácia no efeito da creatina, além do carboidrato agir no aumento de energia, visando apoiar seus resultados nas atividades físicas, oferecendo maior energia e consecutivamente, melhor desempenho. Com seus benefícios, apoia também o ganho de massa e a conclusão dos treinos mantendo a qualidade de suas repetições.  Sendo recomendado o consumo de 6g  ao dia. INGREDIENTES: Creatina Monohidratada e maltodextrina. NÃO CONTEM GLÚTEN.  COMO CONSUMIR? Adicionar 1 ¼ (6g) do Creatine Turbo® em 150ml de água e consumir uma vez ao dia ou conforme recomendação do fabricante. Importante que seu consumo esteja associado a uma alimentação equilibarada.  SAIBA MAIS: CREATINA A creatina é um composto de aminoácido criado pelos rins, fígado e pâncreas, por meio dos aminoácidos arginina e glicina, presentes nos alimentos com carnes e peixes, sendo que a cada 1kg de carne vermelha, encontra-se 5g de creatina. O uso desse suplemento sempre esteve em alta no mercado devido sua função de fortalecimento de energia temporária, aumento de força e promove a hipertrofia devido ao aumento de força e volume de treinamento.","[""https://static.netshoes.com.br/produtos/creatine-turbo-300g-black-skull/01/G54-4177-001/G54-4177-001_zoom1.jpg?ts=1650625727&"",""https://static.netshoes.com.br/produtos/creatine-turbo-300g-black-skull/01/G54-4177-001/G54-4177-001_zoom2.jpg?ts=1650625727&""]","{""Nome"":""Creatine Turbo 300g Black Skull"",""Gênero"":""Unissex"",""Indicado para"":""Auxilia Ganho de Energia"",""Glúten"":""Não Contém"",""Marca"":""Black Skull""}"
www.netshoes.com.br/tenis-nike-downshifter-12-masculino-2IC-7643-304,Tênis Nike Downshifter 12 Masculino - Preto+Grafite,37,399.99,237.49,249.99,"Para garantir conforto e qualidade nas suas corridas diárias, aposte no Tênis Running Nike Downshifter 12! Indicado para quem está iniciando os treinos de running, caminhada e crossfit, o calçado desenvolvido em material leve e resistente, possui cabedal têxtil respirável, e bico mais fino, por isso compre um número acima do que costuma usar. O tênis Nike conta com faixa de ajuste no mediopé que, se usada em conjunto com sua amarração em cadarço, proporciona mais firmeza e suporte aos pés. Entressola em espuma macia e elevada, conferindo amortecimento e uma sensação suave em cada passada. Solado emborrachado para criar tração e dar aderência a calçadas, ruas e esteiras. O tênis masculino da Nike possui ainda logo Downshifter 12 na lingueta e o icônico Swoosh na lateral. Esse tênis de corrida dá continuidade à jornada da Nike pela sustentabilidade, em um design feito com pelo menos 20% de conteúdo reciclado por peso. Invista e torne seus treinos ainda melhores!","[""https://static.netshoes.com.br/produtos/tenis-nike-downshifter-12-masculino/04/2IC-7643-304/2IC-7643-304_zoom1.jpg?ts=1656437548&"",""https://static.netshoes.com.br/produtos/tenis-nike-downshifter-12-masculino/04/2IC-7643-304/2IC-7643-304_zoom2.jpg?ts=1656437548&"",""https://static.netshoes.com.br/produtos/tenis-nike-downshifter-12-masculino/04/2IC-7643-304/2IC-7643-304_zoom3.jpg?ts=1656437548&"",""https://static.netshoes.com.br/produtos/tenis-nike-downshifter-12-masculino/04/2IC-7643-304/2IC-7643-304_zoom4.jpg?ts=1656437548&"",""https://static.netshoes.com.br/produtos/tenis-nike-downshifter-12-masculino/04/2IC-7643-304/2IC-7643-304_zoom5.jpg?ts=1656437548&"",""https://static.netshoes.com.br/produtos/tenis-nike-downshifter-12-masculino/04/2IC-7643-304/2IC-7643-304_zoom6.jpg?ts=1656437548&"",""https://static.netshoes.com.br/produtos/tenis-nike-downshifter-12-masculino/04/2IC-7643-304/2IC-7643-304_zoom7.jpg?ts=1656437548&""]","{""Nome"":""Tênis Nike Downshifter 12 Masculino"",""Gênero"":""Masculino"",""Indicado para"":""Corrida"",""Material"":""Têxtil"",""Categoria"":""Treino"",""Pisada"":""Neutra"",""Importante"":""Possui Forma pequena, para um melhor ajuste nos pés, recomendamos a compra de um tamanho maior do que o seu usual."",""Garantia do Fabricante"":""Contra defeito de fabricação"",""Origem"":""Nacional"",""Marca"":""Nike""}"
www.netshoes.com.br/chinelo-nuvem-slide-leve-confortavel-moderno-MEE-0115-006,Chinelo Nuvem Slide Leve Confortável Moderno - Preto,60,99.9,39.9,39.9,"Descontraído e moderno, o Chinelo Nuvem possui design despojado e versatilidade para combinar em diversas ocasiões. O modelo é confeccionado em pvc expandido, gerando maior conforto durante o calçar. Confortável e prático possui cores maravilhosas e modernas para você usar em qualquer look. Do preto básico às cores da moda! Escolha já sua cor favorita e arrase por onde passar!. ESPECIFICAÇÕES TÉCNICAS. Material: PVC. Solado: PVC Expandido. Indicado para: Dia a Dia. Estilo da Peça: Lisa. Ocasião: Conforto. Temporada de lançamento: Primavera-verão. Ano de lançamento: 2021. Garantia do Fabricante: Contra defeitos de fabricação.","[""https://static.netshoes.com.br/produtos/chinelo-nuvem-slide-leve-confortavel-moderno/06/MEE-0115-006/MEE-0115-006_zoom1.jpg?ts=1667214670&"",""https://static.netshoes.com.br/produtos/chinelo-nuvem-slide-leve-confortavel-moderno/06/MEE-0115-006/MEE-0115-006_zoom2.jpg?ts=1667214670&"",""https://static.netshoes.com.br/produtos/chinelo-nuvem-slide-leve-confortavel-moderno/06/MEE-0115-006/MEE-0115-006_zoom3.jpg?ts=1667214670&"",""https://static.netshoes.com.br/produtos/chinelo-nuvem-slide-leve-confortavel-moderno/06/MEE-0115-006/MEE-0115-006_zoom4.jpg?ts=1667214670&""]","{""Nome"":""Chinelo Nuvem Slide Leve Confortável Moderno"",""Gênero"":""Feminino"",""Departamento BS"":""Calçados"",""Indicado para"":""Dia a Dia"",""Ocasião"":""Conforto"",""Material"":""PVC"",""Garantia do Fabricante"":""Contra defeitos de fabricação"",""Origem"":""Nacional"",""Marca"":""Valentina K""}"
www.netshoes.com.br/tenis-nike-revolution-6-next-nature-masculino-2IC-5000-006,Tênis Nike Revolution 6 Next Nature Masculino - Preto,30,399.99,279.99,279.99,"CONFORTO VERSÁTIL COM AMORTECIMENTO FLEXÍVEL.Defina o ritmo no início da sua corrida com a sensação de maciez do Nike Revolution 6 Next Nature. Sabemos que o conforto é a chave para uma corrida bem-sucedida, então adicionamos amortecimento e flexibilidade para uma passada mais macia. É a evolução de um favorito com design ventilado, feito com pelo menos 20% de conteúdo reciclado por peso.Design simplesA tela macia é colocada no antepé e ao longo da boca para uma sensação de conforto. Os revestimenos adicionais acrescentam durabilidade.Mais flexibilidadeUma entressola de espuma oferece uma passada mais suave que a do Revolution 5. A sola tem um design computadorizado que cria um efeito natural de pistão enquanto você corre, proporcionando mais amortecimento e flexibilidade. Elas se combinam para uma tração durável.Toque intuitivoOs pontos de toque no calcanhar e na língua criam uma sensação natural ao calçar e remover o tênis.","[""https://static.netshoes.com.br/produtos/tenis-nike-revolution-6-next-nature-masculino/06/2IC-5000-006/2IC-5000-006_zoom1.jpg?ts=1681309369&"",""https://static.netshoes.com.br/produtos/tenis-nike-revolution-6-next-nature-masculino/06/2IC-5000-006/2IC-5000-006_zoom2.jpg?ts=1681309369&"",""https://static.netshoes.com.br/produtos/tenis-nike-revolution-6-next-nature-masculino/06/2IC-5000-006/2IC-5000-006_zoom3.jpg?ts=1681309369&"",""https://static.netshoes.com.br/produtos/tenis-nike-revolution-6-next-nature-masculino/06/2IC-5000-006/2IC-5000-006_zoom4.jpg?ts=1681309369&"",""https://static.netshoes.com.br/produtos/tenis-nike-revolution-6-next-nature-masculino/06/2IC-5000-006/2IC-5000-006_zoom5.jpg?ts=1681309369&"",""https://static.netshoes.com.br/produtos/tenis-nike-revolution-6-next-nature-masculino/06/2IC-5000-006/2IC-5000-006_zoom6.jpg?ts=1681309369&""]","{""Nome"":""Tênis Nike Revolution 6 Next Nature Masculino"",""Gênero"":""Masculino"",""Indicado para"":""Dia a Dia"",""Modelo"":""revolution"",""Terreno"":""Rua ou Esteira"",""Marca"":""Nike""}"
www.netshoes.com.br/tenis-nike-downshifter-12-feminino-2IC-7627-306,Tênis Nike Downshifter 12 Feminino - Rosa+Branco,40,399.99,227.99,239.99,"Para garantir conforto e qualidade nas suas corridas diárias, aposte no Tênis Running Nike Downshifter 12! Indicado para quem está iniciando os treinos de running, caminhada e crossfit, o calçado desenvolvido em material leve e resistente, possui cabedal têxtil respirável, e bico mais fino, por isso compre um número acima do que costuma usar. O tênis Nike conta com faixa de ajuste no mediopé que, se usada em conjunto com sua amarração em cadarço, proporciona mais firmeza e suporte aos pés. Entressola em espuma macia e elevada, conferindo amortecimento e uma sensação suave em cada passada. Solado emborrachado para criar tração e dar aderência a calçadas, ruas e esteiras. O tênis feminino da Nike possui ainda logo Downshifter 12 na lingueta e o icônico Swoosh na lateral. Esse tênis de corrida dá continuidade à jornada da Nike pela sustentabilidade, em um design feito com pelo menos 20% de conteúdo reciclado por peso. Invista e torne seus treinos ainda melhores!","[""https://static.netshoes.com.br/produtos/tenis-nike-downshifter-12-feminino/06/2IC-7627-306/2IC-7627-306_zoom1.jpg?ts=1656437527&"",""https://static.netshoes.com.br/produtos/tenis-nike-downshifter-12-feminino/06/2IC-7627-306/2IC-7627-306_zoom2.jpg?ts=1656437527&"",""https://static.netshoes.com.br/produtos/tenis-nike-downshifter-12-feminino/06/2IC-7627-306/2IC-7627-306_zoom3.jpg?ts=1656437527&"",""https://static.netshoes.com.br/produtos/tenis-nike-downshifter-12-feminino/06/2IC-7627-306/2IC-7627-306_zoom4.jpg?ts=1656437527&"",""https://static.netshoes.com.br/produtos/tenis-nike-downshifter-12-feminino/06/2IC-7627-306/2IC-7627-306_zoom5.jpg?ts=1656437527&"",""https://static.netshoes.com.br/produtos/tenis-nike-downshifter-12-feminino/06/2IC-7627-306/2IC-7627-306_zoom6.jpg?ts=1656437527&"",""https://static.netshoes.com.br/produtos/tenis-nike-downshifter-12-feminino/06/2IC-7627-306/2IC-7627-306_zoom7.jpg?ts=1656437527&""]","{""Nome"":""Tênis Nike Downshifter 12 Feminino"",""Gênero"":""Feminino"",""Indicado para"":""Corrida"",""Material"":""Têxtil"",""Categoria"":""Treino"",""Pisada"":""Neutra"",""Importante"":""Para um melhor ajuste nos pés, recomendamos a compra de um tamanho maior do que o seu usual. Forma Pequena."",""Garantia do Fabricante"":""Contra defeito de fabricação"",""Origem"":""Nacional"",""Marca"":""Nike""}"
www.netshoes.com.br/creatina-monohidratada-250g-100-pura-importada-soldiers-nutrition-I0Y-0014-289,Creatina Monohidratada 250g - 100% Pura Importada - Soldiers Nutrition,NaN,54.9,54.9,54.9,"Creatina Monohidratada 250g - 100% Pura Importada - Soldiers NutritionAcompanha Dosadora 3gSOMOS FABRICANTES, PRODUTO DIRETO DA FÁBRICA PARA VOCÊ COM TOTAL GARANTIA DE QUALIDADEANVISA:Registro ISENTO conforme resolução RDC 27 de 06 de agosto de 2010 anexo I.Registro ISENTO conforme resolução RDC 240/2018.O QUE É?Acreatinaé um derivado de aminoácidos obtida através da dieta de síntese por nosso próprio organismo. Ela está presente essencialmente no músculo e auxilia na manutenção dos níveis de energia durante períodos breves de exercício intenso. Ou seja, sua função é crucial nos treinos com muito peso na busca pelo ganho de massa.Beneficios:•Aumenta a capacidade domúsculo de gerar força•Aumento de massa magra•Aumento da capacidade de treinamento•Previne o catabolismo muscularQUANTO TOMAR/MELHOR HORÁRIO PARA CONSUMOO suplemento decreatinaapresenta seus benefícios através de uso crônico, após iniciado o consumo ela deve ser ingerida todos os dias, levarão alguns dias até que os benefícios possam ser observados na sua totalidade.creatinaé insulinodependente, isso significa que é preciso consumi-la junto com /suplementos que influenciem a produção de insulina. A lista de itens que possui este efeito envolve carboidratos de alto índice glicêmico como dextrose, maltodextrina, pão e proteínas de alto índice insulinêmico como leite e whey protein.A sugestão de consumo determinada pela ANVISA é de 3gr ao dia.Não existe consenso entre pesquisadores sobre o melhor horário para consumo, existem evidencias que apontam para maiores benefícios quando consumida na refeição pré-treino, assim como também existem evidencias para melhores benefícios quando consumida junto com a refeição pós-treino.Modo de Preparo: Diluir 3g (1 dosadora) dacreatinaem 200ml de água ou bebida de sua preferência.Consumir uma porção ao dia ou conforme recomendação do nutricionista ou médico.","[""https://static.netshoes.com.br/produtos/creatina-monohidratada-250g-100-pura-importada-soldiers-nutrition/89/I0Y-0014-289/I0Y-0014-289_zoom1.jpg?ts=1666804163&"",""https://static.netshoes.com.br/produtos/creatina-monohidratada-250g-100-pura-importada-soldiers-nutrition/89/I0Y-0014-289/I0Y-0014-289_zoom2.jpg?ts=1666804163&"",""https://static.netshoes.com.br/produtos/creatina-monohidratada-250g-100-pura-importada-soldiers-nutrition/89/I0Y-0014-289/I0Y-0014-289_zoom3.jpg?ts=1666804163&""]","{""Nome"":""Creatina Monohidratada 250g - 100% Pura Importada - Soldiers Nutrition"",""Gênero"":""Unissex"",""Indicado para"":""Auxilia Ganho de Energia"",""Glúten"":""Não Contém"",""Marca"":""Soldiers Nutrition""}"
www.netshoes.com.br/tenis-oakley-stratus-PFN-1494-006,Tênis Oakley Stratus - Preto,44,649.99,341.99,359.99,"O Tênis Oakley Stratus é a escolha ideal para quem busca um tênis robusto para o dia a dia. O cabedal é confeccionado em material sintético para firmeza e resistência, forro levemente acolchoado, tira de fácil calce e palmilha macia que fornece conforto. Enquanto a entressola reforçada em espuma garante leve amortecimento e estabilidade. Compre já esse tênis casual masculino e desbrave as ruas usando Oakley! *Este produto possui forma pequena, para um melhor ajuste nos pés, recomendamos a compra de um tamanho maior do que o seu usual","[""https://static.netshoes.com.br/produtos/tenis-oakley-stratus/06/PFN-1494-006/PFN-1494-006_zoom1.jpg?ts=1682533945&"",""https://static.netshoes.com.br/produtos/tenis-oakley-stratus/06/PFN-1494-006/PFN-1494-006_zoom2.jpg?ts=1682533945&"",""https://static.netshoes.com.br/produtos/tenis-oakley-stratus/06/PFN-1494-006/PFN-1494-006_zoom3.jpg?ts=1682533945&"",""https://static.netshoes.com.br/produtos/tenis-oakley-stratus/06/PFN-1494-006/PFN-1494-006_zoom4.jpg?ts=1682533945&"",""https://static.netshoes.com.br/produtos/tenis-oakley-stratus/06/PFN-1494-006/PFN-1494-006_zoom5.jpg?ts=1682533945&"",""https://static.netshoes.com.br/produtos/tenis-oakley-stratus/06/PFN-1494-006/PFN-1494-006_zoom6.jpg?ts=1682533945&"",""https://static.netshoes.com.br/produtos/tenis-oakley-stratus/06/PFN-1494-006/PFN-1494-006_zoom7.jpg?ts=1682533945&"",""https://static.netshoes.com.br/produtos/tenis-oakley-stratus/06/PFN-1494-006/PFN-1494-006_zoom8.jpg?ts=1682533945&""]","{""Nome"":""Tênis Oakley Stratus"",""Gênero"":""Unissex"",""Departamento BS"":""Esporte"",""Indicado para"":""Dia a Dia"",""Estilo da Peça"":""Com logo"",""Material"":""Sintético"",""Material Interno"":""Têxtil"",""Altura do Cano"":""Cano Baixo"",""Fechamento"":""Cadarço"",""Solado"":""Borracha"",""Importante"":""Possui forma pequena, para um melhor ajuste nos pés, recomendamos a compra de um tamanho maior do que o seu usual."",""Peso do Produto"":""353 g (O peso do produto varia de acordo com a numeração)"",""Garantia do Fabricante"":""Contra defeito de fabricação"",""Origem"":""Nacional"",""Marca"":""Oakley""}"
www.netshoes.com.br/tenis-adidas-breaknet-masculino-NQQ-4378-028,Tênis Adidas Breaknet Masculino - Branco+Preto,23,299.99,218.49,229.99,"*Possui forma pequena, para um melhor ajuste nos pés, recomendamos a compra de um tamanho maior do que o seu usual.* Com modelo clássico, o Tênis Adidas Feminino Breaknet traz as listras icônicas da marca apenas nas laterais, com opções de cores lisas e também animal print. É confeccionado com material resistente e firme, perfuro para respirabilidade, forro acolchoado e solado resistente ao desgaste. Indicado para pessoas com pé fino, por conta da forma pequena. Conte com a Adidas para complementar o seu look urbano em grande estilo!","[""https://static.netshoes.com.br/produtos/tenis-adidas-breaknet-masculino/28/NQQ-4378-028/NQQ-4378-028_zoom1.jpg?ts=1661862762&"",""https://static.netshoes.com.br/produtos/tenis-adidas-breaknet-masculino/28/NQQ-4378-028/NQQ-4378-028_zoom2.jpg?ts=1661862762&"",""https://static.netshoes.com.br/produtos/tenis-adidas-breaknet-masculino/28/NQQ-4378-028/NQQ-4378-028_zoom3.jpg?ts=1661862762&"",""https://static.netshoes.com.br/produtos/tenis-adidas-breaknet-masculino/28/NQQ-4378-028/NQQ-4378-028_zoom4.jpg?ts=1661862762&"",""https://static.netshoes.com.br/produtos/tenis-adidas-breaknet-masculino/28/NQQ-4378-028/NQQ-4378-028_zoom5.jpg?ts=1661862762&"",""https://static.netshoes.com.br/produtos/tenis-adidas-breaknet-masculino/28/NQQ-4378-028/NQQ-4378-028_zoom6.jpg?ts=1661862762&"",""https://static.netshoes.com.br/produtos/tenis-adidas-breaknet-masculino/28/NQQ-4378-028/NQQ-4378-028_zoom7.jpg?ts=1661862762&"",""https://static.netshoes.com.br/produtos/tenis-adidas-breaknet-masculino/28/NQQ-4378-028/NQQ-4378-028_zoom8.jpg?ts=1661862762&"",""https://static.netshoes.com.br/produtos/tenis-adidas-breaknet-masculino/28/NQQ-4378-028/NQQ-4378-028_zoom9.jpg?ts=1661862762&""]","{""Nome"":""Tênis Adidas Breaknet Masculino"",""Gênero"":""Masculino"",""Departamento BS"":""Esporte"",""Indicado para"":""Dia a Dia"",""Estilo da Peça"":""Lisa"",""Material"":""Sintético"",""Material Interno"":""Têxtil"",""Altura do Cano"":""Cano Baixo"",""Fechamento"":""Cadarço"",""Solado"":""Borracha"",""Importante"":""Para um melhor ajuste nos pés, recomendamos a compra de um tamanho maior do que o seu usual. Forma Pequena."",""Composição"":""Cabedal: Sintético e têxtil; Solado: Borracha"",""Garantia do Fabricante"":""Contra defeito de fabricação"",""Origem"":""Estrangeira - Adquirida no mercado interno"",""Marca"":""Adidas""}"
www.netshoes.com.br/tenis-adidas-lite-racer-3-0-masculino-3ZP-3551-026,Tênis Adidas Lite Racer 3 0 Masculino - Preto+Branco,33,299.99,199.99,199.99,"Ideal para o dia a dia, o Tênis Lite Racer 3 0 Masculino pode ser o seu novo tênis casual favorito! Ele garante conforto aos pés, maciez e versatilidade para suas combinações urbanas com toque esportivo. Não é recomendado praticar atividades físicas com ele. Seu cabedal é respirável, com forro acolchoado e traz as três listras icônicas da marca. Além disso, é de peso leve e com excelente custo-benefício, redução de costuras e calce facilitado. Peça já o seu tênis masculino!","[""https://static.netshoes.com.br/produtos/tenis-adidas-lite-racer-3-0-masculino/26/3ZP-3551-026/3ZP-3551-026_zoom1.jpg?ts=1638209514&"",""https://static.netshoes.com.br/produtos/tenis-adidas-lite-racer-3-0-masculino/26/3ZP-3551-026/3ZP-3551-026_zoom2.jpg?ts=1638209514&"",""https://static.netshoes.com.br/produtos/tenis-adidas-lite-racer-3-0-masculino/26/3ZP-3551-026/3ZP-3551-026_zoom3.jpg?ts=1638209514&"",""https://static.netshoes.com.br/produtos/tenis-adidas-lite-racer-3-0-masculino/26/3ZP-3551-026/3ZP-3551-026_zoom4.jpg?ts=1638209514&"",""https://static.netshoes.com.br/produtos/tenis-adidas-lite-racer-3-0-masculino/26/3ZP-3551-026/3ZP-3551-026_zoom5.jpg?ts=1638209514&"",""https://static.netshoes.com.br/produtos/tenis-adidas-lite-racer-3-0-masculino/26/3ZP-3551-026/3ZP-3551-026_zoom6.jpg?ts=1638209514&"",""https://static.netshoes.com.br/produtos/tenis-adidas-lite-racer-3-0-masculino/26/3ZP-3551-026/3ZP-3551-026_zoom7.jpg?ts=1638209514&"",""https://static.netshoes.com.br/produtos/tenis-adidas-lite-racer-3-0-masculino/26/3ZP-3551-026/3ZP-3551-026_zoom8.jpg?ts=1638209514&""]","{""Nome"":""Tênis Adidas Lite Racer 3 0 Masculino"",""Gênero"":""Masculino"",""Departamento BS"":""Esporte"",""Indicado para"":""Dia a Dia"",""Estilo da Peça"":""Lisa"",""Material"":""Têxtil"",""Material Interno"":""Têxtil"",""Altura do Cano"":""Cano Baixo"",""Fechamento"":""Cadarço"",""Solado"":""Borracha"",""Peso do Produto"":""235 g (O peso do produto varia de acordo com a númeração)"",""Garantia do Fabricante"":""Contra defeito de fabricação"",""Origem"":""Nacional"",""Marca"":""Adidas""}"
www.netshoes.com.br/tenis-olympikus-estilo-2I2-4987-172,Tênis Olympikus Estilo - Preto+Cinza,36,249.99,159.99,159.99,"Renovar a sua gama de acessórios nunca foi tão fácil! Feito em material de alta qualidade, o calçado é ideal para garantir praticidade, beleza e comodidade para o dia a dia. Compre agora!","[""https://static.netshoes.com.br/produtos/tenis-olympikus-estilo/72/2I2-4987-172/2I2-4987-172_zoom1.jpg?ts=1655234018&"",""https://static.netshoes.com.br/produtos/tenis-olympikus-estilo/72/2I2-4987-172/2I2-4987-172_zoom2.jpg?ts=1655234018&"",""https://static.netshoes.com.br/produtos/tenis-olympikus-estilo/72/2I2-4987-172/2I2-4987-172_zoom3.jpg?ts=1655234018&"",""https://static.netshoes.com.br/produtos/tenis-olympikus-estilo/72/2I2-4987-172/2I2-4987-172_zoom4.jpg?ts=1655234018&"",""https://static.netshoes.com.br/produtos/tenis-olympikus-estilo/72/2I2-4987-172/2I2-4987-172_zoom5.jpg?ts=1655234018&""]","{""Nome"":""Tênis Olympikus Estilo"",""Gênero"":""Unissex"",""Indicado para"":""Dia a Dia"",""Garantia do Fabricante"":""Contra defeito de fabricação"",""Origem"":""Nacional"",""Marca"":""Olympikus""}"
www.netshoes.com.br/tenis-puma-flyer-runner-bdp-feminino-2I3-3723-234,Tênis Puma FLYER RUNNER BDP Feminino - Preto,23,299.99,218.49,229.99,"Saia para correr com o Tênis Puma Feminino! Conta com material macio e respirável garantindo conforto e liberdade para os seus treinos, corridas leves e caminhadas. Aposte na Puma para mais atitude na suas combinações. *Para um melhor ajuste nos pés, recomendamos a compra de um tamanho menor do que o seu usual. Forma grande.","[""https://static.netshoes.com.br/produtos/tenis-puma-flyer-runner-bdp-feminino/34/2I3-3723-234/2I3-3723-234_zoom1.jpg?ts=1660568446&"",""https://static.netshoes.com.br/produtos/tenis-puma-flyer-runner-bdp-feminino/34/2I3-3723-234/2I3-3723-234_zoom2.jpg?ts=1660568446&"",""https://static.netshoes.com.br/produtos/tenis-puma-flyer-runner-bdp-feminino/34/2I3-3723-234/2I3-3723-234_zoom3.jpg?ts=1660568446&"",""https://static.netshoes.com.br/produtos/tenis-puma-flyer-runner-bdp-feminino/34/2I3-3723-234/2I3-3723-234_zoom4.jpg?ts=1660568446&"",""https://static.netshoes.com.br/produtos/tenis-puma-flyer-runner-bdp-feminino/34/2I3-3723-234/2I3-3723-234_zoom5.jpg?ts=1660568446&""]","{""Nome"":""Tênis Puma FLYER RUNNER BDP Feminino"",""Gênero"":""Feminino"",""Indicado para"":""Dia a Dia"",""Material"":""Têxtil"",""Composição"":""Cabedal: Têxtil e mesh; Entressola: EVA para amortimento; Solado: Aplicações em borracha em pontos estratégicos para durabilidade"",""Importante"":""Para um melhor ajuste nos pés, recomendamos a compra de um tamanho menor do que o seu usual. Forma grande."",""Garantia do Fabricante"":""Contra defeito de fabricação"",""Origem"":""Nacional"",""Marca"":""Puma""}"
www.netshoes.com.br/tenis-adidas-grand-court-base-feminino-FB8-5623-014,Tênis Adidas Grand Court Base Feminino - Branco,27,329.99,227.99,239.99,"É tendência que você busca? O Tênis Adidas Grand Court Base é a aposta certa para você marcar presença nessa estação. Com design urbano, é inspirado nas quadras e repagina a silhueta clássica, oferecendo conforto e estilo para todos os momentos. Conta com fechamento por cadarço, palmilha super macia, calcanhar acolchoado para maior conforto e exibe as clássicas listras na lateral com um toque extra de produção fashion. Combine com looks casuais ou festivos. Você sempre na moda!","[""https://static.netshoes.com.br/produtos/tenis-adidas-grand-court-base-feminino/14/FB8-5623-014/FB8-5623-014_zoom1.jpg?ts=1673014021&"",""https://static.netshoes.com.br/produtos/tenis-adidas-grand-court-base-feminino/14/FB8-5623-014/FB8-5623-014_zoom2.jpg?ts=1673014021&"",""https://static.netshoes.com.br/produtos/tenis-adidas-grand-court-base-feminino/14/FB8-5623-014/FB8-5623-014_zoom3.jpg?ts=1673014021&"",""https://static.netshoes.com.br/produtos/tenis-adidas-grand-court-base-feminino/14/FB8-5623-014/FB8-5623-014_zoom4.jpg?ts=1673014021&"",""https://static.netshoes.com.br/produtos/tenis-adidas-grand-court-base-feminino/14/FB8-5623-014/FB8-5623-014_zoom5.jpg?ts=1673014021&""]","{""Nome"":""Tênis Adidas Grand Court Base Feminino"",""Gênero"":""Feminino"",""Departamento BS"":""Esporte"",""Indicado para"":""Dia a Dia"",""Estilo da Peça"":""Com logo"",""Material"":""Sintético"",""Material Interno"":""Têxtil"",""Altura do Cano"":""Cano Baixo"",""Fechamento"":""Cadarço"",""Solado"":""Borracha"",""Peso do Produto"":""345 g (O peso do produto  varia de acordo com a numeração)"",""Garantia do Fabricante"":""Contra defeito de fabricação"",""Origem"":""Nacional"",""Marca"":""Adidas""}"
www.netshoes.com.br/tenis-olympikus-venus-2-feminino-2I2-4305-006,Tênis Olympikus Venus 2 Feminino - Preto,33,179.99,119.99,119.99,"Aposte no conforto e qualidade do novo Tênis de Corrida Feminino da Olympikus para te acompanhar nos seus treinos diários. Com design moderno, o running indicado para caminhadas e corridas leves possui cabedal fabricado com material leve e respirável que garante mais frescor durante o uso. O calcanhar é acolchoado e oferece suporte aos pés enquanto o cadarço garante ajuste eficaz. A entressola em EVA conta com tecnologia que proporciona alto nível de maciez entre uma passada e outra; e o solado de borracha proporciona aderência e tração por onde você passar. Indicado para corredoras de pisada neutra, o Tênis Olympikus Feminino acompanha as corredoras mais ambiciosas na busca pelo melhor pace. Aproveite!","[""https://static.netshoes.com.br/produtos/tenis-olympikus-venus-2-feminino/06/2I2-4305-006/2I2-4305-006_zoom1.jpg?ts=1680122607&"",""https://static.netshoes.com.br/produtos/tenis-olympikus-venus-2-feminino/06/2I2-4305-006/2I2-4305-006_zoom2.jpg?ts=1680122607&"",""https://static.netshoes.com.br/produtos/tenis-olympikus-venus-2-feminino/06/2I2-4305-006/2I2-4305-006_zoom3.jpg?ts=1680122607&"",""https://static.netshoes.com.br/produtos/tenis-olympikus-venus-2-feminino/06/2I2-4305-006/2I2-4305-006_zoom4.jpg?ts=1680122607&"",""https://static.netshoes.com.br/produtos/tenis-olympikus-venus-2-feminino/06/2I2-4305-006/2I2-4305-006_zoom5.jpg?ts=1680122607&""]","{""Nome"":""Tênis Olympikus Venus 2 Feminino"",""Gênero"":""Feminino"",""Indicado para"":""Dia a Dia"",""Material"":""Sintético e Têxtil"",""Categoria"":""Caminhada"",""Composição"":""Cabedal: Sintético com parte interna têxtil, calcanhar acolchoado e fecho  em cadarço; Entressola: EVA; Solado: Borracha"",""Tecnologia"":""EVAsense, High Frequency"",""Pisada"":""Neutra"",""Definição da Tecnologia"":""EVA macio e expandido que proporciona mais conforto, flexibilidade e leveza à pisada"",""Garantia do Fabricante"":""Contra defeito de fabricação"",""Origem"":""Nacional"",""Marca"":""Olympikus""}"
www.netshoes.com.br/tenis-adidas-runfalcon-30-masculino-FB8-4501-026,Tênis Adidas Runfalcon 3.0 Masculino - Preto+Branco,35,399.99,246.99,259.99,Tênis Adidas Runfalcon 3.0 Masculino,"[""https://static.netshoes.com.br/produtos/tenis-adidas-runfalcon-30-masculino/26/FB8-4501-026/FB8-4501-026_zoom1.jpg?ts=1669728118&"",""https://static.netshoes.com.br/produtos/tenis-adidas-runfalcon-30-masculino/26/FB8-4501-026/FB8-4501-026_zoom2.jpg?ts=1669728118&"",""https://static.netshoes.com.br/produtos/tenis-adidas-runfalcon-30-masculino/26/FB8-4501-026/FB8-4501-026_zoom3.jpg?ts=1669728118&"",""https://static.netshoes.com.br/produtos/tenis-adidas-runfalcon-30-masculino/26/FB8-4501-026/FB8-4501-026_zoom4.jpg?ts=1669728118&"",""https://static.netshoes.com.br/produtos/tenis-adidas-runfalcon-30-masculino/26/FB8-4501-026/FB8-4501-026_zoom5.jpg?ts=1669728118&"",""https://static.netshoes.com.br/produtos/tenis-adidas-runfalcon-30-masculino/26/FB8-4501-026/FB8-4501-026_zoom6.jpg?ts=1669728118&"",""https://static.netshoes.com.br/produtos/tenis-adidas-runfalcon-30-masculino/26/FB8-4501-026/FB8-4501-026_zoom7.jpg?ts=1669728118&"",""https://static.netshoes.com.br/produtos/tenis-adidas-runfalcon-30-masculino/26/FB8-4501-026/FB8-4501-026_zoom8.jpg?ts=1669728118&""]","{""Nome"":""Tênis Adidas Runfalcon 3.0 Masculino"",""Gênero"":""Masculino"",""Indicado para"":""Dia a Dia"",""Origem"":""Nacional"",""Marca"":""Adidas""}"
www.netshoes.com.br/tenis-adidas-lite-racer-3-0-masculino-3ZP-3551-006,Tênis Adidas Lite Racer 3 0 Masculino - Preto,47,399.99,199.49,209.99,"Ideal para o dia a dia, o Tênis Lite Racer 3 0 Masculino pode ser o seu novo tênis casual favorito! Ele garante conforto aos pés, maciez e versatilidade para suas combinações urbanas com toque esportivo. Não é recomendado praticar atividades físicas com ele. Seu cabedal é respirável, com forro acolchoado e traz as três listras icônicas da marca. Além disso, é de peso leve e com excelente custo-benefício, redução de costuras e calce facilitado. Peça já o seu tênis masculino!","[""https://static.netshoes.com.br/produtos/tenis-adidas-lite-racer-3-0-masculino/06/3ZP-3551-006/3ZP-3551-006_zoom1.jpg?ts=1638362377&"",""https://static.netshoes.com.br/produtos/tenis-adidas-lite-racer-3-0-masculino/06/3ZP-3551-006/3ZP-3551-006_zoom2.jpg?ts=1638362377&"",""https://static.netshoes.com.br/produtos/tenis-adidas-lite-racer-3-0-masculino/06/3ZP-3551-006/3ZP-3551-006_zoom3.jpg?ts=1638362377&"",""https://static.netshoes.com.br/produtos/tenis-adidas-lite-racer-3-0-masculino/06/3ZP-3551-006/3ZP-3551-006_zoom4.jpg?ts=1638362377&"",""https://static.netshoes.com.br/produtos/tenis-adidas-lite-racer-3-0-masculino/06/3ZP-3551-006/3ZP-3551-006_zoom5.jpg?ts=1638362377&"",""https://static.netshoes.com.br/produtos/tenis-adidas-lite-racer-3-0-masculino/06/3ZP-3551-006/3ZP-3551-006_zoom6.jpg?ts=1638362377&"",""https://static.netshoes.com.br/produtos/tenis-adidas-lite-racer-3-0-masculino/06/3ZP-3551-006/3ZP-3551-006_zoom7.jpg?ts=1638362377&"",""https://static.netshoes.com.br/produtos/tenis-adidas-lite-racer-3-0-masculino/06/3ZP-3551-006/3ZP-3551-006_zoom8.jpg?ts=1638362377&""]","{""Nome"":""Tênis Adidas Lite Racer 3 0 Masculino"",""Gênero"":""Masculino"",""Departamento BS"":""Esporte"",""Indicado para"":""Dia a Dia"",""Estilo da Peça"":""Lisa"",""Material"":""Têxtil"",""Material Interno"":""Têxtil"",""Altura do Cano"":""Cano Baixo"",""Fechamento"":""Cadarço"",""Solado"":""Borracha"",""Peso do Produto"":""235 g (O peso do produto varia de acordo com a númeração)"",""Garantia do Fabricante"":""Contra defeito de fabricação"",""Origem"":""Nacional"",""Marca"":""Adidas""}"
www.netshoes.com.br/tenis-nike-air-max-masculino-HZM-5168-026,Tenis Nike Air Max Masculino - Preto+Branco,30,699.99,489.99,489.99,"Estilo esportivo renovado com o Tenis Nike Air Max Masculino! O cabedal em sintético fornece resistência e durabilidade, enquanto a entressola com a tecnologia Air Max apresenta amortecimento suave durante o dia a dia. O design esportivo dá o diferencial da peça. Adquira já esse tênis Nike masculino!","[""https://static.netshoes.com.br/produtos/tenis-nike-air-max-masculino/26/HZM-5168-026/HZM-5168-026_zoom1.jpg?ts=1669391498&"",""https://static.netshoes.com.br/produtos/tenis-nike-air-max-masculino/26/HZM-5168-026/HZM-5168-026_zoom2.jpg?ts=1669391498&"",""https://static.netshoes.com.br/produtos/tenis-nike-air-max-masculino/26/HZM-5168-026/HZM-5168-026_zoom3.jpg?ts=1669391498&"",""https://static.netshoes.com.br/produtos/tenis-nike-air-max-masculino/26/HZM-5168-026/HZM-5168-026_zoom4.jpg?ts=1669391498&"",""https://static.netshoes.com.br/produtos/tenis-nike-air-max-masculino/26/HZM-5168-026/HZM-5168-026_zoom5.jpg?ts=1669391498&"",""https://static.netshoes.com.br/produtos/tenis-nike-air-max-masculino/26/HZM-5168-026/HZM-5168-026_zoom6.jpg?ts=1669391498&""]","{""Nome"":""Tenis Nike Air Max Masculino"",""Gênero"":""Masculino"",""Departamento BS"":""Esporte"",""Indicado para"":""Dia a Dia"",""Estilo da Peça"":""Com logo"",""Material"":""Sintético"",""Material Interno"":""Têxtil"",""Altura do Cano"":""Cano Baixo"",""Fechamento"":""Cadarço"",""Solado"":""Borracha"",""Tecnologia"":""Air Max"",""Definição da Tecnologia"":""Bolsa de ar que garante uma excelente absorção de impactos"",""Garantia do Fabricante"":""Contra defeito de fabricação"",""Origem"":""Nacional"",""Marca"":""Nike""}"
www.netshoes.com.br/tenis-puma-smash-v2-D14-4129-026,Tênis Puma Smash V2 - Preto+Branco,31,349.99,239.99,239.99,"O Tênis Couro Puma Smash V2 exibe um estilo urbano esportivo, em dia com as novidades em tendências da moda. Um modelo renovado, que refresca as combinações e carrega o clássico perfil Puma. Seu cabedal em camurça dá um up nas produções urbanas, com solado em borracha vulcanizada para maior durabilidade. Aposte na versatilidade desse tênis casual e mostre sua personalidade com a Puma!","[""https://static.netshoes.com.br/produtos/tenis-puma-smash-v2/26/D14-4129-026/D14-4129-026_zoom1.jpg?ts=1677159792&"",""https://static.netshoes.com.br/produtos/tenis-puma-smash-v2/26/D14-4129-026/D14-4129-026_zoom2.jpg?ts=1677159792&"",""https://static.netshoes.com.br/produtos/tenis-puma-smash-v2/26/D14-4129-026/D14-4129-026_zoom3.jpg?ts=1677159792&"",""https://static.netshoes.com.br/produtos/tenis-puma-smash-v2/26/D14-4129-026/D14-4129-026_zoom4.jpg?ts=1677159792&"",""https://static.netshoes.com.br/produtos/tenis-puma-smash-v2/26/D14-4129-026/D14-4129-026_zoom5.jpg?ts=1677159792&""]","{""Nome"":""Tênis Puma Smash V2"",""Gênero"":""Unissex"",""Departamento BS"":""Esporte"",""Indicado para"":""Dia a Dia"",""Estilo da Peça"":""Lisa"",""Material"":""Camurça"",""Material Interno"":""Têxtil"",""Altura do Cano"":""Cano Baixo"",""Fechamento"":""Cadarço"",""Linha"":""Smash"",""Solado"":""Borracha"",""Importante"":""Para um melhor ajuste nos pés, recomendamos a compra de um tamanho menor do que o seu usual. Forma grande."",""Peso do Produto"":""360  g (O peso do produto varia de acordo com a numeração)"",""Garantia do Fabricante"":""Contra defeito de fabricação"",""Origem"":""Nacional"",""Marca"":""Puma""}"
www.netshoes.com.br/tenis-adidas-ultimashow-feminino-NQQ-6926-026,Tênis Adidas Ultimashow Feminino - Preto+Branco,38,359.99,208.99,219.99,"O Tênis Adidas Ultimashow Feminino é sinônimo de conforto ultraleve e estilo autêntico para a prática do running. Pensado para a mulher moderna, esse tênis Adidas apresenta cabedal confeccionado em mesh que garante leveza e flexibilidade durante as passadas. O solado emborrachado fornece aderência e tração. Adquira já o seu!","[""https://static.netshoes.com.br/produtos/tenis-adidas-ultimashow-feminino/26/NQQ-6926-026/NQQ-6926-026_zoom1.jpg?ts=1612440206&"",""https://static.netshoes.com.br/produtos/tenis-adidas-ultimashow-feminino/26/NQQ-6926-026/NQQ-6926-026_zoom2.jpg?ts=1612440206&"",""https://static.netshoes.com.br/produtos/tenis-adidas-ultimashow-feminino/26/NQQ-6926-026/NQQ-6926-026_zoom3.jpg?ts=1612440206&"",""https://static.netshoes.com.br/produtos/tenis-adidas-ultimashow-feminino/26/NQQ-6926-026/NQQ-6926-026_zoom4.jpg?ts=1612440206&"",""https://static.netshoes.com.br/produtos/tenis-adidas-ultimashow-feminino/26/NQQ-6926-026/NQQ-6926-026_zoom5.jpg?ts=1612440206&"",""https://static.netshoes.com.br/produtos/tenis-adidas-ultimashow-feminino/26/NQQ-6926-026/NQQ-6926-026_zoom6.jpg?ts=1612440206&"",""https://static.netshoes.com.br/produtos/tenis-adidas-ultimashow-feminino/26/NQQ-6926-026/NQQ-6926-026_zoom7.jpg?ts=1612440206&""]","{""Nome"":""Tênis Adidas Ultimashow Feminino"",""Gênero"":""Feminino"",""Indicado para"":""Dia a Dia"",""Material"":""Mesh"",""Categoria"":""Amortecimento Estável"",""Composição"":""Cabedal: Confeccionado em material leve, macio e flexível, que proporciona excelente ventilação interna. Entressola: Em EVA que fornece amortecimento e estabilidade durante as passadas. Solado: Em borracha que fornece aderência e tração em cada passo."",""Importante"":""Para um melhor ajuste nos pés, recomendamos a compra de um tamanho menor do que o seu usual. Forma grande."",""Garantia do Fabricante"":""Contra Defeito de Fabricação"",""Origem"":""Estrangeira - Adquirida no mercado interno"",""Marca"":""Adidas""}"
www.netshoes.com.br/chuteira-society-nike-beco-2-tf-HZM-3221-172,Chuteira Society Nike Beco 2 TF - Preto+Branco,33,329.99,197.99,219.99,"Domine os gramados artificiais com a Chuteira de Society Nike Beco 2 TF! Versátil para os boleiros de final de semana, essa Chuteira de society oferece conforto e o solado de borracha promove uma melhor movimentação nos campos sintéticos para você dar o melhor do seu jogo.","[""https://static.netshoes.com.br/produtos/chuteira-society-nike-beco-2-tf/72/HZM-3221-172/HZM-3221-172_zoom1.jpg?ts=1579716123&"",""https://static.netshoes.com.br/produtos/chuteira-society-nike-beco-2-tf/72/HZM-3221-172/HZM-3221-172_zoom2.jpg?ts=1579716123&"",""https://static.netshoes.com.br/produtos/chuteira-society-nike-beco-2-tf/72/HZM-3221-172/HZM-3221-172_zoom3.jpg?ts=1579716123&"",""https://static.netshoes.com.br/produtos/chuteira-society-nike-beco-2-tf/72/HZM-3221-172/HZM-3221-172_zoom4.jpg?ts=1579716123&""]","{""Nome"":""Chuteira Society Nike Beco 2 TF"",""Gênero"":""Unissex"",""Tipo"":""Society"",""Departamento BS"":""Esporte"",""Indicado para"":""Jogo"",""Material"":""Sintético"",""Estilo"":""Clássica"",""Cabedal"":""Material sintético resistente e texturizado"",""Solado"":""Borracha com mini-cravos para gramados artificiais."",""Garantia do Fabricante"":""Contra defeito de fabricação"",""Origem"":""Nacional"",""Marca"":""Nike""}"
www.netshoes.com.br/tenis-adidas-runfalcon-30-masculino-FB8-4501-006,Tênis Adidas Runfalcon 3.0 Masculino - Preto,35,399.99,246.99,259.99,Tênis Adidas Runfalcon 3.0 Masculino,"[""https://static.netshoes.com.br/produtos/tenis-adidas-runfalcon-30-masculino/06/FB8-4501-006/FB8-4501-006_zoom1.jpg?ts=1669731584&"",""https://static.netshoes.com.br/produtos/tenis-adidas-runfalcon-30-masculino/06/FB8-4501-006/FB8-4501-006_zoom2.jpg?ts=1669731584&"",""https://static.netshoes.com.br/produtos/tenis-adidas-runfalcon-30-masculino/06/FB8-4501-006/FB8-4501-006_zoom3.jpg?ts=1669731584&"",""https://static.netshoes.com.br/produtos/tenis-adidas-runfalcon-30-masculino/06/FB8-4501-006/FB8-4501-006_zoom4.jpg?ts=1669731584&"",""https://static.netshoes.com.br/produtos/tenis-adidas-runfalcon-30-masculino/06/FB8-4501-006/FB8-4501-006_zoom5.jpg?ts=1669731584&"",""https://static.netshoes.com.br/produtos/tenis-adidas-runfalcon-30-masculino/06/FB8-4501-006/FB8-4501-006_zoom6.jpg?ts=1669731584&"",""https://static.netshoes.com.br/produtos/tenis-adidas-runfalcon-30-masculino/06/FB8-4501-006/FB8-4501-006_zoom7.jpg?ts=1669731584&"",""https://static.netshoes.com.br/produtos/tenis-adidas-runfalcon-30-masculino/06/FB8-4501-006/FB8-4501-006_zoom8.jpg?ts=1669731584&""]","{""Nome"":""Tênis Adidas Runfalcon 3.0 Masculino"",""Gênero"":""Masculino"",""Indicado para"":""Dia a Dia"",""Origem"":""Nacional"",""Marca"":""Adidas""}"
www.netshoes.com.br/tenis-adidas-ultimashow-masculino-NQQ-6927-026,Tênis Adidas Ultimashow Masculino - Preto,27,359.99,246.99,259.99,Saia para correr ou caminhar com o Tênis Adidas Ultimashow Masculino! É confeccionado em amterial que proporciona circulação de ar e frescor para os pés durante duas atividades. Entressola macia e confortável e solado em borracha para maior tração dos movimentos. Aposte na Adidas para complementar o seu sportwear com tradição e quadliade!,"[""https://static.netshoes.com.br/produtos/tenis-adidas-ultimashow-masculino/26/NQQ-6927-026/NQQ-6927-026_zoom1.jpg?ts=1612440206&"",""https://static.netshoes.com.br/produtos/tenis-adidas-ultimashow-masculino/26/NQQ-6927-026/NQQ-6927-026_zoom2.jpg?ts=1612440206&"",""https://static.netshoes.com.br/produtos/tenis-adidas-ultimashow-masculino/26/NQQ-6927-026/NQQ-6927-026_zoom3.jpg?ts=1612440206&"",""https://static.netshoes.com.br/produtos/tenis-adidas-ultimashow-masculino/26/NQQ-6927-026/NQQ-6927-026_zoom4.jpg?ts=1612440206&"",""https://static.netshoes.com.br/produtos/tenis-adidas-ultimashow-masculino/26/NQQ-6927-026/NQQ-6927-026_zoom5.jpg?ts=1612440206&"",""https://static.netshoes.com.br/produtos/tenis-adidas-ultimashow-masculino/26/NQQ-6927-026/NQQ-6927-026_zoom6.jpg?ts=1612440206&"",""https://static.netshoes.com.br/produtos/tenis-adidas-ultimashow-masculino/26/NQQ-6927-026/NQQ-6927-026_zoom7.jpg?ts=1612440206&""]","{""Nome"":""Tênis Adidas Ultimashow Masculino"",""Gênero"":""Masculino"",""Indicado para"":""Dia a Dia"",""Material"":""Têxtil"",""Categoria"":""Leveza/Velocidade"",""Composição"":""Cabedal: mesh elástico e forro acolchoado; Entressola: EVA; Solado: Borracha."",""Pisada"":""Neutra"",""Importante"":""Para um melhor ajuste nos pés, recomendamos a compra de um tamanho maior do que o seu usual. Forma Pequena."",""Garantia do Fabricante"":""Contra defeito de fabricação"",""Origem"":""Estrangeira - Adquirida no mercado interno"",""Marca"":""Adidas""}"
www.netshoes.com.br/tenis-adidas-coreracer-masculino-NQQ-4635-309,Tênis Adidas Coreracer Masculino - Chumbo+Preto,30,329.99,218.49,229.99,"Se você é iniciante na corrida e está buscando um tênis adequado para o seu treino, o novo Adidas Corerace é o que você estava procurando. Com um cabedal confeccionado com material têxtil, a parte de cima do calçado conta também com tramas em mesh que garantem circulação de ar e ótima respirabilidade entre uma passada e outra. A entressola em EVA e o solado de borracha de alta qualidade garantem amortecimento leve e ótima tração. Com um design moderno, o Tênis Adidas Masculino é opção para o treino na esteira, na rua ou, até mesmo, para usar de forma casual. Aproveite a oportunidade e garanta já o seu. *Para um melhor ajuste nos pés, recomendamos a compra de um tamanho maior do que o seu usual. Forma pequena.","[""https://static.netshoes.com.br/produtos/tenis-adidas-coreracer-masculino/09/NQQ-4635-309/NQQ-4635-309_zoom1.jpg?ts=1675445414&"",""https://static.netshoes.com.br/produtos/tenis-adidas-coreracer-masculino/09/NQQ-4635-309/NQQ-4635-309_zoom2.jpg?ts=1675445414&"",""https://static.netshoes.com.br/produtos/tenis-adidas-coreracer-masculino/09/NQQ-4635-309/NQQ-4635-309_zoom3.jpg?ts=1675445414&"",""https://static.netshoes.com.br/produtos/tenis-adidas-coreracer-masculino/09/NQQ-4635-309/NQQ-4635-309_zoom4.jpg?ts=1675445414&"",""https://static.netshoes.com.br/produtos/tenis-adidas-coreracer-masculino/09/NQQ-4635-309/NQQ-4635-309_zoom5.jpg?ts=1675445414&""]","{""Nome"":""Tênis Adidas Coreracer Masculino"",""Gênero"":""Masculino"",""Indicado para"":""Caminhada, Corrida"",""Material"":""Têxtil"",""Composição"":""Cabedal: Têxtil e Mesh; Entressola: EVA; Solado: Borracha e contra-salto de inspiração tecnológica"",""Pisada"":""Neutra"",""Importante"":""Para um melhor ajuste nos pés, recomendamos a compra de um tamanho maior do que o seu usual. Forma Pequena."",""Garantia do Fabricante"":""Contra defeito de fabricação"",""Origem"":""Nacional"",""Marca"":""Adidas""}"
www.netshoes.com.br/tenis-olympikus-fusao-masculino-2I2-5008-026,Tênis Olympikus Fusão Masculino - Preto+Branco,40,249.99,149.99,149.99,"Faça suas caminhadas diárias ou corridas leves com mais conforto e estilo usando o Tênis Olympikus Fusão! Ele possui uma estrutura superleve e resistente, que garante maior maciez e comodidade aos seus pés. O cabedal é feito em material respirável com aplicação sintética para estrtutura firme aos pés. A entressola desse tênis masculino traz amortecimento macio Evasense para absorção de impacto, proporcionando maior conforto e desempenho para suas atividades. Confie na marca nacional feita por brasileiros para te acompanhar na sua evolução do esporte!","[""https://static.netshoes.com.br/produtos/tenis-olympikus-fusao-masculino/26/2I2-5008-026/2I2-5008-026_zoom1.jpg?ts=1652889353&"",""https://static.netshoes.com.br/produtos/tenis-olympikus-fusao-masculino/26/2I2-5008-026/2I2-5008-026_zoom2.jpg?ts=1652889353&"",""https://static.netshoes.com.br/produtos/tenis-olympikus-fusao-masculino/26/2I2-5008-026/2I2-5008-026_zoom3.jpg?ts=1652889353&"",""https://static.netshoes.com.br/produtos/tenis-olympikus-fusao-masculino/26/2I2-5008-026/2I2-5008-026_zoom4.jpg?ts=1652889353&"",""https://static.netshoes.com.br/produtos/tenis-olympikus-fusao-masculino/26/2I2-5008-026/2I2-5008-026_zoom5.jpg?ts=1652889353&""]","{""Nome"":""Tênis Olympikus Fusão Masculino"",""Gênero"":""Masculino"",""Indicado para"":""Dia a Dia"",""Material"":""Têxtil"",""Categoria"":""Amortecimento"",""Composição"":""Cabedal: Têxtil respirável. Entressola: Evasense. Solado: Borracha."",""Peso do Produto"":""282g (o peso do calçado varia de acordo com a numeração)"",""Tecnologia"":""EVAsense"",""Pisada"":""Neutra"",""Definição da Tecnologia"":""Tecnologia em EVA, proporciona alto nível de maciez e maior sensação de conforto."",""Importante"":""Para um melhor ajuste nos pés, recomendamos a compra de um tamanho menor do que o seu usual. Forma grande."",""Garantia do Fabricante"":""Contra defeito de fabricação"",""Origem"":""Nacional"",""Marca"":""Olympikus""}"
www.netshoes.com.br/chuteira-society-adidas-artilheira-vi-FB8-4207-937,Chuteira Society Adidas Artilheira VI - Preto+Pink,25,269.99,179.99,199.99,"Foco, persistência e treino elevam o nível de um jogador dentro das quatro linhas.  A Chuteira Society Adidas Artilheira VI 23 4 te ajuda a se tornar aquele jogador que joga bonito e não se esconde nos momentos decisivos. A parte superior texturizada em sintético assegura um toque macio na bola, já o forro têxtil oferece conforto sem igual aos pés. A sola em borracha garante estabilidade enquanto você parte pra cima dos defensores e pensa na próxima jogada. Mude o jogo e compre já essa chuteira society Adidas.","[""https://static.netshoes.com.br/produtos/chuteira-society-adidas-artilheira-vi/37/FB8-4207-937/FB8-4207-937_zoom1.jpg?ts=1675690855&"",""https://static.netshoes.com.br/produtos/chuteira-society-adidas-artilheira-vi/37/FB8-4207-937/FB8-4207-937_zoom2.jpg?ts=1675690855&"",""https://static.netshoes.com.br/produtos/chuteira-society-adidas-artilheira-vi/37/FB8-4207-937/FB8-4207-937_zoom3.jpg?ts=1675690855&"",""https://static.netshoes.com.br/produtos/chuteira-society-adidas-artilheira-vi/37/FB8-4207-937/FB8-4207-937_zoom4.jpg?ts=1675690855&"",""https://static.netshoes.com.br/produtos/chuteira-society-adidas-artilheira-vi/37/FB8-4207-937/FB8-4207-937_zoom5.jpg?ts=1675690855&""]","{""Nome"":""Chuteira Society Adidas Artilheira VI"",""Gênero"":""Unissex"",""Tipo"":""Society"",""Indicado para"":""Dia a Dia"",""Material"":""Sintético"",""Estilo"":""Velocidade"",""Trava"":""Trava Fixa"",""Cabedal"":""Parte superior texturizada em sintético."",""Solado"":""Borracha"",""Garantia do Fabricante"":""Contra defeito de fabricação"",""Origem"":""Nacional"",""Marca"":""Adidas""}"
www.netshoes.com.br/tenis-oakley-stratus-PFN-1494-168,Tênis Oakley Stratus - Cáqui,38,649.99,379.99,399.99,"O Tênis Oakley Stratus é a escolha ideal para quem busca um tênis robusto para o dia a dia. O cabedal é confeccionado em material sintético para firmeza e resistência, forro levemente acolchoado, tira de fácil calce e palmilha macia que fornece conforto. Enquanto a entressola reforçada em espuma garante leve amortecimento e estabilidade. Compre já esse tênis casual masculino e desbrave as ruas usando Oakley! *Este produto possui forma pequena, para um melhor ajuste nos pés, recomendamos a compra de um tamanho maior do que o seu usual","[""https://static.netshoes.com.br/produtos/tenis-oakley-stratus/68/PFN-1494-168/PFN-1494-168_zoom1.jpg?ts=1682533855&"",""https://static.netshoes.com.br/produtos/tenis-oakley-stratus/68/PFN-1494-168/PFN-1494-168_zoom2.jpg?ts=1682533855&"",""https://static.netshoes.com.br/produtos/tenis-oakley-stratus/68/PFN-1494-168/PFN-1494-168_zoom3.jpg?ts=1682533855&"",""https://static.netshoes.com.br/produtos/tenis-oakley-stratus/68/PFN-1494-168/PFN-1494-168_zoom4.jpg?ts=1682533855&"",""https://static.netshoes.com.br/produtos/tenis-oakley-stratus/68/PFN-1494-168/PFN-1494-168_zoom5.jpg?ts=1682533855&"",""https://static.netshoes.com.br/produtos/tenis-oakley-stratus/68/PFN-1494-168/PFN-1494-168_zoom6.jpg?ts=1682533855&"",""https://static.netshoes.com.br/produtos/tenis-oakley-stratus/68/PFN-1494-168/PFN-1494-168_zoom7.jpg?ts=1682533855&"",""https://static.netshoes.com.br/produtos/tenis-oakley-stratus/68/PFN-1494-168/PFN-1494-168_zoom8.jpg?ts=1682533855&"",""https://static.netshoes.com.br/produtos/tenis-oakley-stratus/68/PFN-1494-168/PFN-1494-168_zoom9.jpg?ts=1682533855&""]","{""Nome"":""Tênis Oakley Stratus"",""Gênero"":""Unissex"",""Departamento BS"":""Esporte"",""Indicado para"":""Dia a Dia"",""Estilo da Peça"":""Com logo"",""Material"":""Sintético"",""Material Interno"":""Têxtil"",""Altura do Cano"":""Cano Baixo"",""Fechamento"":""Cadarço"",""Solado"":""Borracha"",""Importante"":""Possui forma pequena, para um melhor ajuste nos pés, recomendamos a compra de um tamanho maior do que o seu usual."",""Peso do Produto"":""353 g (O peso do produto varia de acordo com a numeração)"",""Garantia do Fabricante"":""Contra defeito de fabricação"",""Origem"":""Nacional"",""Marca"":""Oakley""}"
www.netshoes.com.br/tenis-oakley-stratus-PFN-1494-002,Tênis Oakley Stratus - Preto+Vermelho,53,649.99,299.99,299.99,"O Tênis Oakley Stratus é a escolha ideal para quem busca um tênis robusto para o dia a dia. O cabedal é confeccionado em material sintético para firmeza e resistência, forro levemente acolchoado, tira de fácil calce e palmilha macia que fornece conforto. Enquanto a entressola reforçada em espuma garante leve amortecimento e estabilidade. Compre já esse tênis casual masculino e desbrave as ruas usando Oakley! *Este produto possui forma pequena, para um melhor ajuste nos pés, recomendamos a compra de um tamanho maior do que o seu usual","[""https://static.netshoes.com.br/produtos/tenis-oakley-stratus/02/PFN-1494-002/PFN-1494-002_zoom1.jpg?ts=1682602197&"",""https://static.netshoes.com.br/produtos/tenis-oakley-stratus/02/PFN-1494-002/PFN-1494-002_zoom2.jpg?ts=1682602197&"",""https://static.netshoes.com.br/produtos/tenis-oakley-stratus/02/PFN-1494-002/PFN-1494-002_zoom3.jpg?ts=1682602197&"",""https://static.netshoes.com.br/produtos/tenis-oakley-stratus/02/PFN-1494-002/PFN-1494-002_zoom4.jpg?ts=1682602197&"",""https://static.netshoes.com.br/produtos/tenis-oakley-stratus/02/PFN-1494-002/PFN-1494-002_zoom5.jpg?ts=1682602197&"",""https://static.netshoes.com.br/produtos/tenis-oakley-stratus/02/PFN-1494-002/PFN-1494-002_zoom6.jpg?ts=1682602197&"",""https://static.netshoes.com.br/produtos/tenis-oakley-stratus/02/PFN-1494-002/PFN-1494-002_zoom7.jpg?ts=1682602197&"",""https://static.netshoes.com.br/produtos/tenis-oakley-stratus/02/PFN-1494-002/PFN-1494-002_zoom8.jpg?ts=1682602197&"",""https://static.netshoes.com.br/produtos/tenis-oakley-stratus/02/PFN-1494-002/PFN-1494-002_zoom9.jpg?ts=1682602197&""]","{""Nome"":""Tênis Oakley Stratus"",""Gênero"":""Unissex"",""Departamento BS"":""Esporte"",""Indicado para"":""Dia a Dia"",""Estilo da Peça"":""Com logo"",""Material"":""Sintético"",""Material Interno"":""Têxtil"",""Altura do Cano"":""Cano Baixo"",""Fechamento"":""Cadarço"",""Solado"":""Borracha"",""Importante"":""Possui forma pequena, para um melhor ajuste nos pés, recomendamos a compra de um tamanho maior do que o seu usual."",""Peso do Produto"":""353 g (O peso do produto varia de acordo com a numeração)"",""Garantia do Fabricante"":""Contra defeito de fabricação"",""Origem"":""Nacional"",""Marca"":""Oakley""}"
www.netshoes.com.br/tenis-adidas-runfalcon-20-masculino-3ZP-0573-026,Tênis Adidas Runfalcon 2.0 Masculino - Preto+Branco,44,379.99,199.49,209.99,"Na esteira ou pelas ruas, domine a corrida com o novo Tênis Masculino da Adidas. O Runfalcon 2.0 chega com um cabedal com tripla camada de mesh para ainda mais respirabilidade, calcanhar acolchoado para máximo conforto e suporte, além de uma entressola em EVA para amortecimento leve e passada mais suave. O solado emborrachado garante aderência e tração em diferentes tipos de rua. Das caminhadas matinais aos tiros de 500 metros, conte com a Adidas para fazer seu treino render! *Forma para pés finos, recomendamos comprar um número acima do que costuma usar*","[""https://static.netshoes.com.br/produtos/tenis-adidas-runfalcon-20-masculino/26/3ZP-0573-026/3ZP-0573-026_zoom1.jpg?ts=1626193145&"",""https://static.netshoes.com.br/produtos/tenis-adidas-runfalcon-20-masculino/26/3ZP-0573-026/3ZP-0573-026_zoom2.jpg?ts=1626193145&"",""https://static.netshoes.com.br/produtos/tenis-adidas-runfalcon-20-masculino/26/3ZP-0573-026/3ZP-0573-026_zoom3.jpg?ts=1626193145&"",""https://static.netshoes.com.br/produtos/tenis-adidas-runfalcon-20-masculino/26/3ZP-0573-026/3ZP-0573-026_zoom4.jpg?ts=1626193145&"",""https://static.netshoes.com.br/produtos/tenis-adidas-runfalcon-20-masculino/26/3ZP-0573-026/3ZP-0573-026_zoom5.jpg?ts=1626193145&"",""https://static.netshoes.com.br/produtos/tenis-adidas-runfalcon-20-masculino/26/3ZP-0573-026/3ZP-0573-026_zoom6.jpg?ts=1626193145&"",""https://static.netshoes.com.br/produtos/tenis-adidas-runfalcon-20-masculino/26/3ZP-0573-026/3ZP-0573-026_zoom7.jpg?ts=1626193145&"",""https://static.netshoes.com.br/produtos/tenis-adidas-runfalcon-20-masculino/26/3ZP-0573-026/3ZP-0573-026_zoom8.jpg?ts=1626193145&""]","{""Nome"":""Tênis Adidas Runfalcon 2.0 Masculino"",""Gênero"":""Masculino"",""Indicado para"":""Dia a Dia"",""Material"":""Mesh"",""Categoria"":""Amortecimento"",""Composição"":""Cabedal: Tripla camada de Mesh. Calcanhar acolchoado e fecho em cadarço; Entressola: EVA; Solado: Borracha"",""Pisada"":""Neutra"",""Importante"":""Possui forma para pés finos, para um melhor ajuste nos pés, recomendamos a compra de um tamanho maior do que o seu usual. Forma Pequena."",""Garantia do Fabricante"":""Contra defeito de fabricação"",""Origem"":""Nacional"",""Marca"":""Adidas""}"
www.netshoes.com.br/creatina-turbo-black-skull-300g-G54-5551-289,Creatina Turbo Black Skull 300g,27,109.99,79.99,79.99,"Suplemente a sua alimentação com a Creatina Turbo Black Skull 300g! Ideal para praticantes de musculação, essa creatina turbo é feita em forma de pó e apresenta quantidade total de 300g. As proteínas auxiliam no ganho de massa, desempenho físico e recuperação muscular. Compre já!","[""https://static.netshoes.com.br/produtos/creatina-turbo-black-skull-300g/89/G54-5551-289/G54-5551-289_zoom1.jpg?ts=1665752193&"",""https://static.netshoes.com.br/produtos/creatina-turbo-black-skull-300g/89/G54-5551-289/G54-5551-289_zoom2.jpg?ts=1665752193&""]","{""Nome"":""Creatina Turbo Black Skull 300g"",""Gênero"":""Unissex"",""Indicado para"":""Auxilia Ganho de Energia"",""Forma"":""Pó"",""Glúten"":""Não Contém"",""Peso/Quantidade"":""350g"",""Recomendações de Uso"":""Adicionar 1 ¼ colher de chá (6g) do  Creatine Turbo  em 150ml de água e consumir uma vez ao dia ou conforme recomendação do fabricante."",""Importante"":""Este produto não substitui uma alimentação equilibrada e o seu consumo deve ser orientado por nutricionista ou médico."",""Validade"":""24 MESES"",""SAC"":""COMERCIAL@BLACKSKULLUSA.COM.BR"",""Origem"":""Nacional"",""Marca"":""Black Skull""}"
www.netshoes.com.br/camiseta-nike-sportswear-club-masculina-2IC-9246-008,Camiseta Nike Sportswear Club Masculina - Azul,30,119.99,83.99,83.99,"UMA ESCOLHA INTELIGENTE PARA SUA ROTINA DIÁRIA.A camiseta Nike Sportswear Club é feita com o nosso tecido de algodão casual e apresenta um caimento clássico, criando uma sensação aconchegante logo no primeiro uso. O logotipo Futura bordado no peito cria um look original da Nike.BenefíciosA silhueta clássica da camiseta traz um caimento descontraído no tronco e nos quadris.O tecido de algodão para o uso cotidiano é macio e leve.Detalhes do produtoCaimento padrão para uma sensação de conforto e descontraçãoTecido: 100% algodãoLavagem à máquinaImportadoTamanho & Caimento O modelo usa tamanho M e mede 1,87 m Caimento padrão que traz uma sensação de conforto e descontração","[""https://static.netshoes.com.br/produtos/camiseta-nike-sportswear-club-masculina/08/2IC-9246-008/2IC-9246-008_zoom1.jpg?ts=1657385776&"",""https://static.netshoes.com.br/produtos/camiseta-nike-sportswear-club-masculina/08/2IC-9246-008/2IC-9246-008_zoom2.jpg?ts=1657385776&"",""https://static.netshoes.com.br/produtos/camiseta-nike-sportswear-club-masculina/08/2IC-9246-008/2IC-9246-008_zoom3.jpg?ts=1657385776&"",""https://static.netshoes.com.br/produtos/camiseta-nike-sportswear-club-masculina/08/2IC-9246-008/2IC-9246-008_zoom4.jpg?ts=1657385776&"",""https://static.netshoes.com.br/produtos/camiseta-nike-sportswear-club-masculina/08/2IC-9246-008/2IC-9246-008_zoom5.jpg?ts=1657385776&"",""https://static.netshoes.com.br/produtos/camiseta-nike-sportswear-club-masculina/08/2IC-9246-008/2IC-9246-008_zoom6.jpg?ts=1657385776&""]","{""Nome"":""Camiseta Nike Sportswear Club Masculina"",""Gênero"":""Masculino"",""Indicado para"":""Dia a Dia"",""Garantia do Fabricante"":""90 dias contra defeitos de fabricação"",""Marca"":""Nike""}"
www.netshoes.com.br/tenis-adidas-ultimashow-masculino-NQQ-6927-326,Tênis Adidas Ultimashow Masculino - Preto+Gelo,38,359.99,208.99,219.99,Saia para correr ou caminhar com o Tênis Adidas Ultimashow Masculino! É confeccionado em amterial que proporciona circulação de ar e frescor para os pés durante duas atividades. Entressola macia e confortável e solado em borracha para maior tração dos movimentos. Aposte na Adidas para complementar o seu sportwear com tradição e quadliade!,"[""https://static.netshoes.com.br/produtos/tenis-adidas-ultimashow-masculino/26/NQQ-6927-326/NQQ-6927-326_zoom1.jpg?ts=1626193395&"",""https://static.netshoes.com.br/produtos/tenis-adidas-ultimashow-masculino/26/NQQ-6927-326/NQQ-6927-326_zoom2.jpg?ts=1626193395&"",""https://static.netshoes.com.br/produtos/tenis-adidas-ultimashow-masculino/26/NQQ-6927-326/NQQ-6927-326_zoom3.jpg?ts=1626193395&"",""https://static.netshoes.com.br/produtos/tenis-adidas-ultimashow-masculino/26/NQQ-6927-326/NQQ-6927-326_zoom4.jpg?ts=1626193395&"",""https://static.netshoes.com.br/produtos/tenis-adidas-ultimashow-masculino/26/NQQ-6927-326/NQQ-6927-326_zoom5.jpg?ts=1626193395&"",""https://static.netshoes.com.br/produtos/tenis-adidas-ultimashow-masculino/26/NQQ-6927-326/NQQ-6927-326_zoom6.jpg?ts=1626193395&"",""https://static.netshoes.com.br/produtos/tenis-adidas-ultimashow-masculino/26/NQQ-6927-326/NQQ-6927-326_zoom7.jpg?ts=1626193395&"",""https://static.netshoes.com.br/produtos/tenis-adidas-ultimashow-masculino/26/NQQ-6927-326/NQQ-6927-326_zoom8.jpg?ts=1626193395&"",""https://static.netshoes.com.br/produtos/tenis-adidas-ultimashow-masculino/26/NQQ-6927-326/NQQ-6927-326_zoom9.jpg?ts=1626193395&""]","{""Nome"":""Tênis Adidas Ultimashow Masculino"",""Gênero"":""Masculino"",""Indicado para"":""Dia a Dia"",""Material"":""Têxtil"",""Categoria"":""Leveza/Velocidade"",""Composição"":""Cabedal: mesh elástico e forro acolchoado; Entressola: EVA; Solado: Borracha."",""Pisada"":""Neutra"",""Importante"":""Para um melhor ajuste nos pés, recomendamos a compra de um tamanho maior do que o seu usual. Forma Pequena."",""Garantia do Fabricante"":""Contra defeito de fabricação"",""Origem"":""Nacional"",""Marca"":""Adidas""}"
www.netshoes.com.br/tenis-mizuno-brave-6-2FU-6366-006,Tênis Mizuno Brave 6 - Preto,39,329.99,199.99,199.99,"Aposte no conforto e qualidade do novo Tênis de Corrida da Mizuno para te acompanhar nos seus treinos diários. Com design moderno, o running indicado para caminhadas e corridas leves possui cabedal fabricado com material macio e respirável que garante mais frescor durante o uso. O calcanhar é acolchoado e oferece suporte aos pés enquanto o cadarço garante ajuste eficaz. A entressola em EVA conta com tecnologia que proporciona alto nível de maciez entre uma passada e outra; e o solado de borracha proporciona aderência e tração por onde você passar. Indicado para corredores de pisada neutra, o Tênis Mizuno acompanha os corredores mais ambiciosos na busca pelo melhor pace. Aproveite!","[""https://static.netshoes.com.br/produtos/tenis-mizuno-brave-6/06/2FU-6366-006/2FU-6366-006_zoom1.jpg?ts=1657368377&"",""https://static.netshoes.com.br/produtos/tenis-mizuno-brave-6/06/2FU-6366-006/2FU-6366-006_zoom2.jpg?ts=1657368377&"",""https://static.netshoes.com.br/produtos/tenis-mizuno-brave-6/06/2FU-6366-006/2FU-6366-006_zoom3.jpg?ts=1657368377&"",""https://static.netshoes.com.br/produtos/tenis-mizuno-brave-6/06/2FU-6366-006/2FU-6366-006_zoom4.jpg?ts=1657368377&"",""https://static.netshoes.com.br/produtos/tenis-mizuno-brave-6/06/2FU-6366-006/2FU-6366-006_zoom5.jpg?ts=1657368377&""]","{""Nome"":""Tênis Mizuno Brave 6"",""Gênero"":""Unissex"",""Indicado para"":""Dia a Dia"",""Material"":""Mesh"",""Categoria"":""Caminhada"",""Composição"":""Cabedal: Mesh com tiras sintéticas para maior durabilidade; Entressola: EVA; Solado: Borracha"",""Tecnologia"":""Wave"",""Pisada"":""Neutra"",""Definição da Tecnologia"":""Tecnologia que garante 100% da performance do sistema, proporcionando maior absorção de impacto, máximo amortecimento e estabilidade"",""Importante"":""Para um melhor ajuste nos pés, recomendamos a compra de um tamanho maior do que o seu usual. Forma Pequena."",""Garantia do Fabricante"":""Contra defeito de fabricação"",""Origem"":""Nacional"",""Marca"":""Mizuno""}"
www.netshoes.com.br/tenis-masculino-esporte-cadarco-academia-corrida-dia-a-dia-N0B-0002-026,Tênis Masculino Esporte Cadarço Academia Corrida Dia a Dia - Preto+Branco,50,159.9,79.9,79.9,"O Tênis da Sport Titaniium é confeccionado em têxtil macio e com solado micro expandido. É perfeito para quem procura estilo e conforto. Oferecendo leveza e versatilidade para o seu dia a dia. Ideal para quem tem a pisada neutra, o tênis da a segurança que precisa para praticar esportes e também para usar onde quiser. Disponível em várias cores esse modelo combina com muitos looks!. ESPECIFICAÇÕES TÉCNICAS. Material: Têxtil. Solado: Micro expandido. Fechamento: Cadarço. Garantia do Fabricante: Contra defeitos de fabricação.","[""https://static.netshoes.com.br/produtos/tenis-masculino-esporte-cadarco-academia-corrida-dia-a-dia/26/N0B-0002-026/N0B-0002-026_zoom1.jpg?ts=1675325561&"",""https://static.netshoes.com.br/produtos/tenis-masculino-esporte-cadarco-academia-corrida-dia-a-dia/26/N0B-0002-026/N0B-0002-026_zoom2.jpg?ts=1675325561&"",""https://static.netshoes.com.br/produtos/tenis-masculino-esporte-cadarco-academia-corrida-dia-a-dia/26/N0B-0002-026/N0B-0002-026_zoom3.jpg?ts=1675325561&"",""https://static.netshoes.com.br/produtos/tenis-masculino-esporte-cadarco-academia-corrida-dia-a-dia/26/N0B-0002-026/N0B-0002-026_zoom4.jpg?ts=1675325561&""]","{""Nome"":""Tênis Masculino Esporte Cadarço Academia Corrida Dia a Dia"",""Gênero"":""Masculino"",""Indicado para"":""Dia a Dia"",""Material"":""Nylon"",""Benefícios"":""Flexibilidade"",""Categoria"":""Caminhada"",""Pisada"":""Neutra"",""Garantia do Fabricante"":""Contra defeitos de fabricação"",""Marca"":""Sport Titaniium""}"
www.netshoes.com.br/tenis-slip-on-redley-originals-masculino-F62-1000-006,Tênis Slip On Redley Originals Masculino - Preto,NaN,219,219,219,"Ideal para os rolês ou para usar no dia a dia, esse Tênis Slip On Redley Originals Masculino possui design moderno e versátil para complementar o seu surfwear com estilo e conforto. É confeccionado em material macio ao toque da pele, calcanhar acolchoado e solado em borracha para maior resistência ao desgaste. Peça já o seu slip on masculino Redley! *Para um melhor ajuste nos pés, recomendamos a compra de um tamanho menor do que o seu usual. Forma grande.","[""https://static.netshoes.com.br/produtos/tenis-slip-on-redley-originals-masculino/06/F62-1000-006/F62-1000-006_zoom1.jpg?ts=1680638576&"",""https://static.netshoes.com.br/produtos/tenis-slip-on-redley-originals-masculino/06/F62-1000-006/F62-1000-006_zoom2.jpg?ts=1680638576&"",""https://static.netshoes.com.br/produtos/tenis-slip-on-redley-originals-masculino/06/F62-1000-006/F62-1000-006_zoom3.jpg?ts=1680638576&"",""https://static.netshoes.com.br/produtos/tenis-slip-on-redley-originals-masculino/06/F62-1000-006/F62-1000-006_zoom4.jpg?ts=1680638576&"",""https://static.netshoes.com.br/produtos/tenis-slip-on-redley-originals-masculino/06/F62-1000-006/F62-1000-006_zoom5.jpg?ts=1680638576&"",""https://static.netshoes.com.br/produtos/tenis-slip-on-redley-originals-masculino/06/F62-1000-006/F62-1000-006_zoom6.jpg?ts=1680638576&"",""https://static.netshoes.com.br/produtos/tenis-slip-on-redley-originals-masculino/06/F62-1000-006/F62-1000-006_zoom7.jpg?ts=1680638576&""]","{""Nome"":""Tênis Slip On Redley Originals Masculino"",""Gênero"":""Masculino"",""Indicado para"":""Dia a Dia"",""Altura do Cano"":""Cano Baixo"",""Material"":""Lona"",""OBS"":""Para um melhor ajuste nos pés, recomendamos a compra de um tamanho menor do que o seu usual. Forma grande."",""Composição"":""Cabedal: Têxtil. Solado: Borracha."",""Peso do Produto"":""432 g (O peso do produto vária de acordo com a númeração)"",""Garantia do Fabricante"":""Contra defeito de fabricação"",""Origem"":""Nacional"",""Marca"":""Redley""}"
www.netshoes.com.br/tenis-adidas-coreracer-masculino-NQQ-4635-298,Tênis Adidas Coreracer Masculino - Preto+Chumbo,30,329.99,218.49,229.99,"Se você é iniciante na corrida e está buscando um tênis adequado para o seu treino, o novo Adidas Corerace é o que você estava procurando. Com um cabedal confeccionado com material têxtil, a parte de cima do calçado conta também com tramas em mesh que garantem circulação de ar e ótima respirabilidade entre uma passada e outra. A entressola em EVA e o solado de borracha de alta qualidade garantem amortecimento leve e ótima tração. Com um design moderno, o Tênis Adidas Masculino é opção para o treino na esteira, na rua ou, até mesmo, para usar de forma casual. Aproveite a oportunidade e garanta já o seu. *Para um melhor ajuste nos pés, recomendamos a compra de um tamanho maior do que o seu usual. Forma pequena.","[""https://static.netshoes.com.br/produtos/tenis-adidas-coreracer-masculino/98/NQQ-4635-298/NQQ-4635-298_zoom1.jpg?ts=1675691074&"",""https://static.netshoes.com.br/produtos/tenis-adidas-coreracer-masculino/98/NQQ-4635-298/NQQ-4635-298_zoom2.jpg?ts=1675691074&"",""https://static.netshoes.com.br/produtos/tenis-adidas-coreracer-masculino/98/NQQ-4635-298/NQQ-4635-298_zoom3.jpg?ts=1675691074&"",""https://static.netshoes.com.br/produtos/tenis-adidas-coreracer-masculino/98/NQQ-4635-298/NQQ-4635-298_zoom4.jpg?ts=1675691074&"",""https://static.netshoes.com.br/produtos/tenis-adidas-coreracer-masculino/98/NQQ-4635-298/NQQ-4635-298_zoom5.jpg?ts=1675691074&""]","{""Nome"":""Tênis Adidas Coreracer Masculino"",""Gênero"":""Masculino"",""Indicado para"":""Caminhada, Corrida"",""Material"":""Têxtil"",""Composição"":""Cabedal: Têxtil e Mesh; Entressola: EVA; Solado: Borracha e contra-salto de inspiração tecnológica"",""Pisada"":""Neutra"",""Importante"":""Para um melhor ajuste nos pés, recomendamos a compra de um tamanho maior do que o seu usual. Forma Pequena."",""Garantia do Fabricante"":""Contra defeito de fabricação"",""Origem"":""Nacional"",""Marca"":""Adidas""}"
www.netshoes.com.br/tenis-olympikus-estilo-2I2-4987-C69,Tênis Olympikus Estilo - Azul Navy,36,249.99,159.99,159.99,"Renovar a sua gama de acessórios nunca foi tão fácil! Feito em material de alta qualidade, o calçado é ideal para garantir praticidade, beleza e comodidade para o dia a dia. Compre agora!","[""https://static.netshoes.com.br/produtos/tenis-olympikus-estilo/69/2I2-4987-C69/2I2-4987-C69_zoom1.jpg?ts=1663160873&"",""https://static.netshoes.com.br/produtos/tenis-olympikus-estilo/69/2I2-4987-C69/2I2-4987-C69_zoom2.jpg?ts=1663160873&"",""https://static.netshoes.com.br/produtos/tenis-olympikus-estilo/69/2I2-4987-C69/2I2-4987-C69_zoom3.jpg?ts=1663160873&"",""https://static.netshoes.com.br/produtos/tenis-olympikus-estilo/69/2I2-4987-C69/2I2-4987-C69_zoom4.jpg?ts=1663160873&"",""https://static.netshoes.com.br/produtos/tenis-olympikus-estilo/69/2I2-4987-C69/2I2-4987-C69_zoom5.jpg?ts=1663160873&""]","{""Nome"":""Tênis Olympikus Estilo"",""Gênero"":""Unissex"",""Indicado para"":""Dia a Dia"",""Garantia do Fabricante"":""Contra defeito de fabricação"",""Origem"":""Nacional"",""Marca"":""Olympikus""}"
www.netshoes.com.br/tenis-asics-gelimpression-11-masculino-2FW-0179-172,Tênis Asics Gel-Impression 11 Masculino - Preto+Cinza,35,399.99,246.99,259.99,"Melhore sua performance na corrida a cada KM com o Tênis Asics Gel-Impression 11 Masculino. Esse tênis de corrida é feito em material de qualidade e tecnológico que busca oferecer o que você precisa durante seu esporte. O cabedal é confeccionado em material têxtil com tramas abertas para respirabilidade e flexibilidade. O amortecimento fica na entressola, auxiliando no amortecimento a cada impacto, já o solado em borracha frisada proporciona durabilidade e tração mesmo em dias de chuva. Peça já o seu tênis masculino Asics!","[""https://static.netshoes.com.br/produtos/tenis-asics-gel-impression-11-masculino/72/2FW-0179-172/2FW-0179-172_zoom1.jpg?ts=1675848393&"",""https://static.netshoes.com.br/produtos/tenis-asics-gel-impression-11-masculino/72/2FW-0179-172/2FW-0179-172_zoom2.jpg?ts=1675848393&"",""https://static.netshoes.com.br/produtos/tenis-asics-gel-impression-11-masculino/72/2FW-0179-172/2FW-0179-172_zoom3.jpg?ts=1675848393&"",""https://static.netshoes.com.br/produtos/tenis-asics-gel-impression-11-masculino/72/2FW-0179-172/2FW-0179-172_zoom4.jpg?ts=1675848393&"",""https://static.netshoes.com.br/produtos/tenis-asics-gel-impression-11-masculino/72/2FW-0179-172/2FW-0179-172_zoom5.jpg?ts=1675848393&""]","{""Nome"":""Tênis Asics Gel-Impression 11 Masculino"",""Gênero"":""Masculino"",""Indicado para"":""Dia a Dia"",""Material"":""Têxtil"",""Categoria"":""Amortecimento"",""Composição"":""Cabedal: Têxtil. Entressola: Amortecimento Gel. Solado: Borracha."",""Tecnologia"":""Gel"",""Pisada"":""Neutra"",""Definição da Tecnologia"":""GEL com base em silicone colocado em locais estratégicos para uma melhor absorção de impacto."",""Garantia do Fabricante"":""Contra defeito de fabricação"",""Origem"":""Nacional"",""Marca"":""Asics""}"
www.netshoes.com.br/chuteira-campo-adidas-deportivo-3ZP-8761-120,Chuteira Campo Adidas Deportivo - Preto+Dourado,33,299.99,179.99,199.99,Chuteira Campo Adidas Deportivo,"[""https://static.netshoes.com.br/produtos/chuteira-campo-adidas-deportivo/20/3ZP-8761-120/3ZP-8761-120_zoom1.jpg?ts=1659711822&"",""https://static.netshoes.com.br/produtos/chuteira-campo-adidas-deportivo/20/3ZP-8761-120/3ZP-8761-120_zoom2.jpg?ts=1659711822&"",""https://static.netshoes.com.br/produtos/chuteira-campo-adidas-deportivo/20/3ZP-8761-120/3ZP-8761-120_zoom3.jpg?ts=1659711822&"",""https://static.netshoes.com.br/produtos/chuteira-campo-adidas-deportivo/20/3ZP-8761-120/3ZP-8761-120_zoom4.jpg?ts=1659711822&"",""https://static.netshoes.com.br/produtos/chuteira-campo-adidas-deportivo/20/3ZP-8761-120/3ZP-8761-120_zoom5.jpg?ts=1659711822&""]","{""Nome"":""Chuteira Campo Adidas Deportivo"",""Gênero"":""Unissex"",""Indicado para"":""Dia a Dia"",""Importante"":""Para um melhor ajuste nos pés, recomendamos a compra de um tamanho maior do que o seu usual. Forma Pequena."",""Garantia do Fabricante"":""Contra defeito de fabricação"",""Origem"":""Nacional"",""Marca"":""Adidas""}"
www.netshoes.com.br/tenis-adidas-advantage-base-court-lifestyle-masculino-3ZP-8886-244,Tênis Adidas Advantage Base Court Lifestyle Masculino - Preto,30,299.99,199.49,209.99,"Um design clássico adidas para garantir seu estilo no dia a dia. Este é o adidas Base Court Lifestyle, que traz detalhes perfurados no formato das icônicas 3 Listras da marca. Este tênis masculino tem cabedal sintético durável e macio, produzida a partir de pelo menos 50% de material reciclado, e sola de borracha que proporciona tração e conforto. Garanta já o seu!","[""https://static.netshoes.com.br/produtos/tenis-adidas-advantage-base-court-lifestyle-masculino/44/3ZP-8886-244/3ZP-8886-244_zoom1.jpg?ts=1659711916&"",""https://static.netshoes.com.br/produtos/tenis-adidas-advantage-base-court-lifestyle-masculino/44/3ZP-8886-244/3ZP-8886-244_zoom2.jpg?ts=1659711916&"",""https://static.netshoes.com.br/produtos/tenis-adidas-advantage-base-court-lifestyle-masculino/44/3ZP-8886-244/3ZP-8886-244_zoom3.jpg?ts=1659711916&"",""https://static.netshoes.com.br/produtos/tenis-adidas-advantage-base-court-lifestyle-masculino/44/3ZP-8886-244/3ZP-8886-244_zoom4.jpg?ts=1659711916&"",""https://static.netshoes.com.br/produtos/tenis-adidas-advantage-base-court-lifestyle-masculino/44/3ZP-8886-244/3ZP-8886-244_zoom5.jpg?ts=1659711916&""]","{""Nome"":""Tênis Adidas Advantage Base Court Lifestyle Masculino"",""Gênero"":""Feminino"",""Departamento BS"":""Esporte"",""Indicado para"":""Dia a Dia"",""Estilo da Peça"":""Lisa"",""Material"":""Sintético"",""Material Interno"":""Têxtil"",""Altura do Cano"":""Cano Baixo"",""Fechamento"":""Cadarço"",""Solado"":""Borracha"",""Peso do Produto"":""382 g (O peso do produto varia de acordo com a numeração)"",""Garantia do Fabricante"":""Contra defeito de fabricação"",""Origem"":""Nacional"",""Marca"":""Adidas""}"
